title,video_url,channel_id,channel_name,post_time
,https://uploads.postiz.com/uOVfknx46O.mp4,cmi06h1dt01yjmp0ykm5a04rh,movie_shark,2025-11-25T08:19:00.000+02:00
,https://uploads.postiz.com/uOVfknx46O.mp4,cmi06h1dt01yjmp0ykm5a04rh,movie_shark,2025-11-25T08:19:00.000+02:00
,https://uploads.postiz.com/uOVfknx46O.mp4,cmi06h1dt01yjmp0ykm5a04rh,movie_shark,2025-11-25T08:19:00.000+02:00
,https://uploads.postiz.com/uOVfknx46O.mp4,cmi06h1dt01yjmp0ykm5a04rh,movie_shark,2025-11-25T08:19:00.000+02:00
,https://uploads.postiz.com/uOVfknx46O.mp4,cmi06h1dt01yjmp0ykm5a04rh,movie_shark,2025-11-25T08:19:00.000+02:00
,https://uploads.postiz.com/uOVfknx46O.mp4,cmi06h1dt01yjmp0ykm5a04rh,movie_shark,2025-11-25T08:19:00.000+02:00
,https://uploads.postiz.com/uOVfknx46O.mp4,cmi06h1dt01yjmp0ykm5a04rh,movie_shark,2025-11-25T08:19:00.000+02:00
,https://uploads.postiz.com/uOVfknx46O.mp4,cmi06h1dt01yjmp0ykm5a04rh,movie_shark,2025-11-25T08:19:00.000+02:00
,https://uploads.postiz.com/uOVfknx46O.mp4,cmi06h1dt01yjmp0ykm5a04rh,movie_shark,2025-11-25T08:19:00.000+02:00
,https://uploads.postiz.com/uOVfknx46O.mp4,cmi06h1dt01yjmp0ykm5a04rh,movie_shark,2025-11-25T08:19:00.000+02:00
,https://uploads.postiz.com/uOVfknx46O.mp4,cmi06h1dt01yjmp0ykm5a04rh,movie_shark,2025-11-25T08:19:00.000+02:00
,https://uploads.postiz.com/uOVfknx46O.mp4,cmi06h1dt01yjmp0ykm5a04rh,movie_shark,2025-11-25T08:19:00.000+02:00
,https://uploads.postiz.com/uOVfknx46O.mp4,cmi06h1dt01yjmp0ykm5a04rh,movie_shark,2025-11-25T08:19:00.000+02:00
,https://uploads.postiz.com/uOVfknx46O.mp4,cmi06h1dt01yjmp0ykm5a04rh,movie_shark,2025-11-25T08:19:00.000+02:00
,https://uploads.postiz.com/uOVfknx46O.mp4,cmi06h1dt01yjmp0ykm5a04rh,movie_shark,2025-11-25T08:19:00.000+02:00
,https://uploads.postiz.com/uOVfknx46O.mp4,cmi06h1dt01yjmp0ykm5a04rh,movie_shark,2025-11-25T08:19:00.000+02:00
,https://uploads.postiz.com/uOVfknx46O.mp4,cmi06h1dt01yjmp0ykm5a04rh,movie_shark,2025-11-25T08:19:00.000+02:00
,https://uploads.postiz.com/uOVfknx46O.mp4,cmi06h1dt01yjmp0ykm5a04rh,movie_shark,2025-11-25T08:19:00.000+02:00
,https://uploads.postiz.com/uOVfknx46O.mp4,cmi06h1dt01yjmp0ykm5a04rh,movie_shark,2025-11-25T08:19:00.000+02:00
,https://uploads.postiz.com/uOVfknx46O.mp4,cmi06h1dt01yjmp0ykm5a04rh,movie_shark,2025-11-25T08:19:00.000+02:00
,https://uploads.postiz.com/uOVfknx46O.mp4,cmi06h1dt01yjmp0ykm5a04rh,movie_shark,2025-11-25T08:19:00.000+02:00
,https://uploads.postiz.com/uOVfknx46O.mp4,cmi06h1dt01yjmp0ykm5a04rh,movie_shark,2025-11-25T08:19:00.000+02:00
,https://uploads.postiz.com/uOVfknx46O.mp4,cmi06h1dt01yjmp0ykm5a04rh,movie_shark,2025-11-25T08:19:00.000+02:00
,https://uploads.postiz.com/uOVfknx46O.mp4,cmi06h1dt01yjmp0ykm5a04rh,movie_shark,2025-11-25T08:19:00.000+02:00
,https://uploads.postiz.com/uOVfknx46O.mp4,cmi06h1dt01yjmp0ykm5a04rh,movie_shark,2025-11-25T08:19:00.000+02:00
,https://uploads.postiz.com/uOVfknx46O.mp4,cmi06h1dt01yjmp0ykm5a04rh,movie_shark,2025-11-25T08:19:00.000+02:00
,https://uploads.postiz.com/uOVfknx46O.mp4,cmi06h1dt01yjmp0ykm5a04rh,movie_shark,2025-11-25T08:19:00.000+02:00
,https://uploads.postiz.com/uOVfknx46O.mp4,cmi06h1dt01yjmp0ykm5a04rh,movie_shark,2025-11-25T08:19:00.000+02:00
